id,title,text,label
1,"NASA Artemis Mission Prepares Next Lunar Orbit Flight Test","The National Aeronautics and Space Administration announced on Tuesday that engineers completed the latest core stage cryogenic propellant loading test for the upcoming Artemis lunar expedition. Officials from the Kennedy Space Center confirmed that all four RS-25 engines met launch readiness parameters. Independent aerospace engineers verified telemetry data indicating nominal temperature margins throughout the countdown rehearsal. A press conference is scheduled for Friday to review mission milestones.","REAL"
2,"SHOCKING: Secret Miracle Herb Cures All Known Cancers Doctors Ban It","You will not believe what Big Pharma is hiding from everyday citizens! A miraculous ancient root found deep in the Amazon cures every stage four tumor in just 48 hours without chemotherapy or radiation. Corrupt doctors and hospital executives are desperately censoring this secret website to protect their billions. Click here now before government agents take this down! Drink three drops before bedtime to eliminate all sickness permanently!","FAKE"
3,"Federal Reserve Holds Benchmark Interest Rates Steady Amid Inflation Data","The Federal Reserve concluded its two-day monetary policy meeting today, announcing that benchmark interest rates will remain unchanged between 5.25 and 5.50 percent. Fed Chair Jerome Powell stated during the press briefing that economic growth remains resilient, while consumer price index metrics showed modest deceleration over the prior quarter. Economists surveyed by Reuters noted that future rate adjustments will depend on upcoming labor market statistics and inflation reports.","REAL"
4,"Secret Celebrity Immortality Ring Exposed In Leaked Underground Documents","Leaked underground memos prove the world's richest celebrities drink liquid diamond extract mixed with radioactive starlight to never age past thirty-five! Mainstream media outlets are paid millions every single month to keep silent about this bizarre immortal cult operating out of underwater submarines. Share this post with fifteen friends immediately before the global elites wipe your internet connection forever!","FAKE"
5,"European Space Agency Successfully Launches New Weather Monitoring Satellite","A European Ariane rocket lifted off from French Guiana early Wednesday morning carrying the third-generation meteorological observation satellite. Ground telemetry established communication within forty minutes of orbital separation. Officials stated the satellite payload includes advanced infrared sounding instruments designed to improve severe storm forecasting across southern Europe and North Africa over the next decade.","REAL"
6,"Alien Mothership Discovered Frozen Under Antarctic Ice Sheet Military In Panic","Top secret whistleblower reveals massive crystalline mothership discovered buried beneath Antarctic ice shelves. High-ranking generals are fleeing their bunkers as extraterrestrial signals pulse directly into microwave ovens nationwide! The United Nations held an emergency midnight closed-door tribunal to surrender world sovereignty. Mainstream science will never tell you the truth, wake up and buy our titanium fallout pods today!","FAKE"
7,"World Health Organization Releases Updated Global Vaccination Guidelines","The World Health Organization published updated technical guidance today regarding pediatric immunization schedules in emerging economies. The peer-reviewed recommendations, authored by an international advisory committee of epidemiologists and pediatric infectious disease specialists, emphasize improving cold-chain refrigeration infrastructure and expanding booster coverage in rural communities. The document was distributed across 194 member states.","REAL"
8,"BREAKING: Drinking Boiled Battery Water Gives You Supernatural Night Vision","Unbelievable biological discovery! Underground scientists have proved that drinking alkaline distilled water mixed with battery fluid activates dormant nocturnal DNA in human retinas, granting instantaneous night vision superior to military thermal goggles! Corrupt eye doctors will never prescribe this cheap life hack because they want to sell expensive glasses. Try this tonight and see in pitch-black darkness!","FAKE"
9,"Global Renewable Energy Capacity Rose by Fifty Percent in Record Year","Global renewable capacity additions grew fifty percent in the past calendar year according to the annual market review published by the International Energy Agency. Rapid solar photovoltaic deployment across Asia and offshore wind installations across the North Sea accounted for the majority of new clean energy infrastructure. The report highlights grid transmission interconnection as a critical factor for sustained growth over the next five years.","REAL"
10,"You Will Never Pay Electric Bills Again With This Banned Free Energy Magnet Device","A retired renegade physicist has designed an electromagnetic perpetual vortex generator in his garage using discarded refrigerator magnets and copper wires. Energy utility monopolies have sent armed mercenaries to suppress this patent, but the revolutionary blueprint is now leaked online! Power your entire mansion, heat your swimming pool, and mine crypto completely for free forever! Click before FBI raids this server!","FAKE"
11,"Supreme Court Rules on Interstate Environmental Protection Standards","The Supreme Court issued a 6-3 opinion on Thursday clarifying regulatory authority over interstate particulate emissions under the Clean Air Act. Chief Justice Roberts delivered the majority opinion, finding that the Environmental Protection Agency acted within statutory limits when determining downwind compliance obligations. Representatives for municipal power utilities and environmental coalitions both issued formal statements following the ruling.","REAL"
12,"Instant Wealth Glitch Found In ATMs Punch Secret Key Code 9999","Banks are panicking after TikTok users uncovered a secret developer backdoor glitch present in every automatic teller machine worldwide! By typing 9999 three times and tapping the cancel button backwards, the machine dispenses unlimited crisp one-hundred dollar bills without deducting from your bank account balance! Bankers are frantically patching this before morning, rush to your local ATM right now!","FAKE"
13,"Biotech Researchers Develop Target Antibody for Pediatric Leukemia Therapy","Oncologists at St. Jude Children's Research Hospital have published promising clinical trial outcomes for a novel bispecific antibody targeting refractory B-cell acute lymphoblastic leukemia. In the phase II trial involving sixty-four patients, eighty-one percent achieved complete molecular remission with manageable safety profiles. Further multi-center trials are planned in collaboration with international pediatric oncology consortiums.","REAL"
14,"Government Microchip Injected Through Common Mosquito Bites Conspiracy Confirmed","Secret military documents leaked onto the dark web verify that genetically altered mosquitoes are delivering sub-micron tracking chips directly into the bloodstream of suburban residents! These microchips link directly to 5G towers to control human brainwaves and force citizens to buy brand-name soda! Protect yourself immediately with our patented heavy tin-foil cranial shielding helmets on sale for $99!","FAKE"
15,"Automobile Manufacturers Announce Unified Fast-Charging Standard for Electric Vehicles","Major automotive manufacturers including Ford, General Motors, and Volkswagen announced an agreement on Monday to adopt a unified high-voltage charging standard across North American highway corridors. The joint initiative aims to reduce driver range anxiety by deploying over thirty thousand fast-charging connectors by 2028, supported by federal infrastructure grant funding and private capital investments.","REAL"
16,"Miraculous Weight Loss Coffee Melts 50 Pounds In Three Days Without Exercise","Eat pizza and burgers all day and wake up with a shredded six-pack! This secret Scandinavian roast coffee dissolves pure body fat while you sleep on your couch. Nutritionists hate this one weird grandmother who discovered the ancient fat-burning bean in her backyard garden. Stocks are 99% claimed, order your 6-bottle crate immediately before prices skyrocket!","FAKE"
